city,lat,lng,iso2,population,general_air_quality_index,worst_pollutant,queried_city,num_routes,event_count
Tokyo,35.687,139.7495,JP,37785000.0,0.1877,0.56,Tokyo,20.0,0
Jakarta,-6.175,106.8275,ID,33756000.0,0.9814452167543448,,Jakarta,20.0,0
Delhi,28.61,77.23,IN,32226000.0,1.3136311079741234,1.5,Delhi,20.0,0
Guangzhou,23.13,113.26,CN,26940000.0,1.0178573700413434,1.0178573700413434,,20.0,0
Mumbai,19.0761,72.8775,IN,24973000.0,0.3822224668541775,0.6034209817143389,,20.0,0
Manila,14.5958,120.9772,PH,24922000.0,0.9814452167543448,,Manila,20.0,0
Shanghai,31.2286,121.4747,CN,24073000.0,1.1900000000000002,1.5000000000000002,,20.0,0
Sao Paulo,-23.5504,-46.6339,BR,23086000.0,0.21935159045619457,0.3750021038826919,Sao Paulo,20.0,41
Seoul,37.5667,126.9833,KR,23016000.0,0.1783466844812087,0.4995353712101252,,20.0,0
Mexico City,19.4333,-99.1333,MX,21804000.0,0.002268757009343895,0.004030362375354688,Mexico City,20.0,1
Kolkata,22.5675,88.37,IN,21747000.0,0.8095000000000001,0.932,,20.0,0
Cairo,30.0444,31.2358,EG,20296000.0,0.9814452167543448,,Cairo,3.0,0
Karachi,24.86,67.01,PK,20249000.0,0.9814452167543448,,,20.0,0
Dhaka,23.7289,90.3944,BD,19134000.0,0.9814452167543448,,,20.0,0
New York,40.6943,-73.9249,US,18832416.0,0.612,0.612,New York,20.0,724
Beijing,39.9067,116.3975,CN,18522000.0,1.07,1.5,,20.0,0
Bangkok,13.7525,100.4942,TH,18007000.0,0.30172834851085223,0.7815886146428751,Bangkok,20.0,0
Shenzhen,22.5415,114.0596,CN,17619000.0,0.95,1.5,Shenzhen,20.0,0
Moscow,55.7506,37.6175,RU,17332000.0,0.9814452167543448,,,20.0,0
Buenos Aires,-34.6036,-58.3814,AR,16710000.0,0.002925,0.0053,Buenos Aires,20.0,1
Lagos,6.455,3.3841,NG,16637000.0,0.9814452167543448,,,20.0,0
Bangalore,12.9789,77.5917,IN,15386000.0,0.6461488489675663,0.9672,,20.0,0
Ho Chi Minh City,10.7756,106.7019,VN,15136000.0,0.9814452167543448,,,20.0,0
Osaka,34.6939,135.5022,JP,15126000.0,0.004,0.004,Osaka,14.0,0
Chengdu,30.66,104.0633,CN,14645000.0,1.4999999999999998,1.4999999999999998,,20.0,0
Istanbul,41.0136,28.955,TR,14441000.0,0.6603902921033631,1.035454342455804,Istanbul,3.0,443
Tehran,35.6889,51.3897,IR,14148000.0,0.9814452167543448,,,20.0,0
Kinshasa,-4.3219,15.3119,CD,12836000.0,0.9814452167543448,,Kinshasa,20.0,0
Rio de Janeiro,-22.9111,-43.2056,BR,12592000.0,0.9814452167543448,,Rio de Janeiro,20.0,25
Chennai,13.0825,80.275,IN,12395000.0,0.12459999999999999,0.12459999999999999,,20.0,0
Xi'an,34.2611,108.9422,CN,12328000.0,1.5,1.5,,20.0,0
Lahore,31.5497,74.3436,PK,12306000.0,0.9814452167543448,,,20.0,0
Chongqing,29.5637,106.5504,CN,12135000.0,0.9494744431967973,1.5,,20.0,0
Los Angeles,34.1141,-118.4068,US,11885717.0,0.19293431836099717,0.5758461304622539,Los Angeles,20.0,912
London,51.5072,-0.1275,GB,11262000.0,0.5309493644614567,1.3488822568388708,London,20.0,675
Paris,48.8567,2.3522,FR,11060000.0,1.002461205240674,1.4440988843166527,Paris,20.0,1
Linyi,35.1038,118.3564,CN,10820000.0,1.5000000000000002,1.5000000000000002,,20.0,0
Dongguan,23.021,113.752,CN,10646000.0,1.4,1.4,,20.0,0
Baoding,38.874,115.464,CN,10546831.0,1.1300000000000001,1.5000000000000002,,20.0,0
Hyderabad,17.3617,78.4747,IN,10494000.0,0.5421278400566921,0.8033327823119094,Hyderabad,20.0,0
Tianjin,39.1336,117.2054,CN,10368000.0,1.29,1.5,,20.0,0
Lima,-12.06,-77.0375,PE,10320000.0,0.19830085429641997,0.7091752934305854,,20.0,1
Wuhan,30.5934,114.3046,CN,10251000.0,1.5,1.5,,20.0,0
Nanyang,32.9902,112.5285,CN,9577771.0,1.5,1.5,,20.0,0
Hangzhou,30.267,120.153,CN,9523000.0,1.3466083366631765,1.413216673326353,,20.0,0
Nagoya,35.1833,136.9,JP,9197000.0,7.500000000000001e-05,7.500000000000001e-05,Nagoya,20.0,0
Luanda,-8.8383,13.2344,AO,9051000.0,0.9814452167543448,,,20.0,0
Foshan,23.0214,113.1216,CN,9042500.0,1.5,1.5,,20.0,0
Kuala Lumpur,3.1686,101.698,MY,8911000.0,0.9814452167543448,,Kuala Lumpur,20.0,0
Zhoukou,33.6367,114.7014,CN,8677800.0,1.5,1.5,,20.0,0
Tongshan,34.261,117.1859,CN,8669000.0,1.5,1.5,,20.0,0
Hanoi,21.0,105.85,VN,8587100.0,0.9814452167543448,,,20.0,0
Chicago,41.8375,-87.6866,US,8489066.0,0.06213333333333334,0.184,Chicago,20.0,954
Nanjing,32.0608,118.7789,CN,8422000.0,1.4999999999999998,1.4999999999999998,,20.0,0
Heze,35.2343,115.4796,CN,8287693.0,1.478213964699676,1.478213964699676,,20.0,0
Pune,18.5203,73.8567,IN,8231000.0,0.7778624518191879,0.9359175139180591,,20.0,0
Jining,35.4151,116.5871,CN,8081905.0,1.5,1.5,,20.0,0
Bogota,4.7111,-74.0722,CO,8034649.0,0.22447144962947385,0.6622400338935793,Bogota,20.0,1
Ahmedabad,23.0225,72.5714,IN,8009000.0,0.2168,0.2168,,20.0,0
Shenyang,41.8025,123.4281,CN,7964000.0,1.03,1.5,,20.0,0
Dar es Salaam,-6.8161,39.2803,TZ,7962000.0,0.9814452167543448,,,20.0,0
Khartoum,15.6031,32.5265,SD,7869000.0,0.9814452167543448,,,20.0,0
Johannesburg,-26.2044,28.0456,ZA,7860781.0,0.000844282000617321,0.0014439936278188852,,20.0,52
Fuyang,32.89,115.814,CN,7599913.0,1.5,1.5,,20.0,0
Hong Kong,22.3,114.2,HK,7450000.0,0.6030306067298863,0.6030306067298863,Hong Kong,20.0,0
Ganzhou,25.831,114.933,CN,7396873.0,1.03,1.5,,20.0,0
Shangqiu,34.415,115.656,CN,7325300.0,0.9814452167543448,,,20.0,0
Cangzhou,38.3047,116.8387,CN,7300783.0,1.5,1.5,,20.0,0
Riyadh,24.65,46.71,SA,7237000.0,0.9814452167543448,,,20.0,0
Santiago,-33.4372,-70.6506,CL,7171000.0,0.0,0.0,Santiago,20.0,0
Zhumadian,33.014,114.022,CN,7008427.0,1.4747368513382897,1.4747368513382897,,20.0,0
Zhanjiang,21.2701,110.3575,CN,6981236.0,1.5,1.5,,20.0,0
Rangoon,16.795,96.16,MM,6874000.0,0.9814452167543448,,,20.0,0
Yancheng,33.35,120.1569,CN,6709629.0,0.9814452167543448,,,20.0,0
Bijie,27.284,105.292,CN,6686100.0,1.5,1.5,,20.0,0
Xingtai,37.0717,114.5048,CN,6645766.0,0.9814452167543448,,,20.0,0
Hengyang,26.894,112.572,CN,6645243.0,1.453446022800653,1.453446022800653,,20.0,0
Shaoyang,27.2395,111.4679,CN,6563520.0,1.5,1.5,,20.0,0
Surabaya,-7.2458,112.7378,ID,6556000.0,0.9814452167543448,,,20.0,0
Surat,21.205,72.84,IN,6538000.0,0.9814452167543448,,,20.0,0
Quanzhou,24.8744,118.6757,CN,6480000.0,1.494151076005225,1.494151076005225,,20.0,0
Shangrao,28.4551,117.9431,CN,6435300.0,1.5,1.5,,20.0,0
Zunyi,27.722,107.031,CN,6270700.0,1.5,1.5,,20.0,0
Madrid,40.4169,-3.7033,ES,6211000.0,0.06207491735936143,0.06207491735936143,Madrid,20.0,83
Baghdad,33.3153,44.3661,IQ,6183000.0,0.9814452167543448,,,20.0,0
Maoming,21.6627,110.9255,CN,6174050.0,0.89,1.5,,20.0,0
Miami,25.784,-80.2101,US,6113982.0,0.0017903730533918535,0.003489710947680727,Miami,20.0,693
Xinyang,32.149,114.091,CN,6109106.0,1.5,1.5,,20.0,0
Houston,29.786,-95.3885,US,6046392.0,0.08978368162287396,0.2666851109871912,Houston,20.0,863
Singapore,1.3,103.8,SG,5983000.0,0.9814452167543448,,Singapore,20.0,0
Prayagraj,25.4358,81.8464,IN,5954391.0,0.826857505611496,1.5000000000000002,,20.0,0
Huanggang,30.4537,114.8724,CN,5882719.0,1.5,1.5,,20.0,0
Dalian,38.9,121.6,CN,5871474.0,1.5,1.5,,20.0,0
Ankara,39.93,32.85,TR,5864049.0,1.5,1.5,,20.0,83
Dallas,32.7935,-96.7667,US,5843632.0,0.9814452167543448,,Dallas,20.0,842
Qingdao,36.0669,120.3827,CN,5818255.0,1.5,1.5,,20.0,0
Yulin,22.654,110.181,CN,5796766.0,0.9814452167543448,,,20.0,0
Liaocheng,36.4559,115.9852,CN,5789863.0,0.9814452167543448,,,20.0,0
Douala,4.05,9.7,CM,5768400.0,0.9814452167543448,,Douala,20.0,0
Qujing,25.491,103.796,CN,5765775.0,0.9814452167543448,,,20.0,0
Nangandao,35.3036,113.9268,CN,5708191.0,1.42,1.42,,20.0,0
Addis Ababa,9.03,38.74,ET,5704000.0,0.9814452167543448,,Addis Ababa,20.0,0
Philadelphia,40.0077,-75.1339,US,5696588.0,0.0021598182643181203,0.003945768684827806,Philadelphia,20.0,925
Toronto,43.7417,-79.3733,CA,5647656.0,0.4789956037595478,0.4789956037595478,Toronto,20.0,629
Zhengzhou,34.764,113.684,CN,5621593.0,1.5000000000000002,1.5000000000000002,,20.0,0
Nanchong,30.8372,106.1106,CN,5607565.0,0.28,0.28,,20.0,0
Jinan,36.6702,117.0207,CN,5606374.0,1.5,1.5,,20.0,0
Giza,29.987,31.2118,EG,5598402.0,0.9814452167543448,,Giza,3.0,0
Saint Petersburg,59.9375,30.3086,RU,5597763.0,0.9814452167543448,,,20.0,0
Jieyang,23.551,116.3727,CN,5577814.0,0.9814452167543448,,,20.0,0
Dezhou,37.436,116.359,CN,5568235.0,0.9814452167543448,,,20.0,0
Nairobi,-1.2864,36.8172,KE,5545000.0,0.9814452167543448,,Nairobi,20.0,0
Guadalajara,20.6767,-103.3475,MX,5525000.0,0.005853974428334256,0.010808,Guadalajara,20.0,57
Tai'an,36.202,117.087,CN,5472217.0,1.5,1.5,,20.0,0
Dazhou,31.2093,107.4678,CN,5385422.0,0.77,1.5,,20.0,0
Belo Horizonte,-19.9281,-43.9419,BR,5328000.0,0.9814452167543448,,Belo Horizonte,20.0,0
Suzhou,33.648,116.964,CN,5324476.0,1.5000000000000002,1.5000000000000002,,20.0,0
Monterrey,25.6844,-100.3181,MX,5324281.0,0.005495285048029455,0.010817118912339718,Monterrey,5.0,85
Yongzhou,26.42,111.613,CN,5289824.0,1.5,1.5,,20.0,0
Changde,29.031,111.699,CN,5279102.0,0.36,0.36,,20.0,0
Xiangyang,32.01,112.122,CN,5260951.0,0.9814452167543448,,,20.0,0
Atlanta,33.7628,-84.422,US,5211164.0,0.002426110729209736,0.004655957245374507,Atlanta,20.0,967
Pudong,31.2347,121.5064,CN,5187200.0,1.21,1.5,,20.0,0
Washington,38.9047,-77.0163,US,5146120.0,0.29128850434889275,0.8687999999999998,Washington,20.0,956
Zhaotong,27.338,103.717,CN,5092611.0,1.5,1.5,,20.0,0
Zhangzhou,24.513,117.647,CN,5054328.0,0.9814452167543448,,,20.0,0
Yueyang,29.3647,113.1309,CN,5051922.0,1.5000000000000002,1.5000000000000002,,20.0,0
Melbourne,-37.8142,144.9631,AU,5031195.0,0.015111091396950882,0.04361374802344835,Melbourne,20.0,89
Yichun,27.816,114.417,CN,5007702.0,0.9814452167543448,,,20.0,0
Abidjan,5.3364,-4.0267,CI,4980000.0,1.105481813367648,1.105481813367648,Abidjan,20.0,0
Guilin,25.275,110.296,CN,4931137.0,1.5,1.5,,20.0,0
Pingdingshan,33.7666,113.1926,CN,4904701.0,1.5,1.5,,20.0,0
Alexandria,31.1975,29.8925,EG,4870000.0,0.9814452167543448,,,20.0,0
Bozhou,33.8463,115.7786,CN,4850657.0,1.5,1.5,,20.0,0
Sydney,-33.8667,151.2,AU,4840600.0,0.07869777799760813,0.23600000000000002,Sydney,20.0,233
Barcelona,41.3833,2.1833,ES,4800000.0,0.3296885499577387,0.6511693839390719,Barcelona,20.0,78
Yuncheng,35.0267,111.007,CN,4774508.0,1.5,1.5,,20.0,0
Cape Town,-33.9253,18.4239,ZA,4770313.0,0.23753170318332928,0.7043600000000002,,20.0,49
Changsha,28.228,112.939,CN,4766296.0,1.009373900876822,1.5,,20.0,0
Suqian,33.963,118.275,CN,4719178.0,1.4999999999999998,1.4999999999999998,,20.0,0
Jeddah,21.5428,39.1728,SA,4697000.0,0.9814452167543448,,,20.0,0
Weinan,34.5206,109.471,CN,4688744.0,0.9814452167543448,,,20.0,0
Berlin,52.52,13.405,DE,4679500.0,0.21964804865928383,0.4592960973185677,Berlin,20.0,369
Chenzhou,25.77,113.016,CN,4667134.0,0.9814452167543448,,,20.0,0
Jiangmen,22.5789,113.0815,CN,4630300.0,0.9892869666597397,1.28,,20.0,0
Mianyang,31.468,104.679,CN,4613862.0,0.9814452167543448,,,20.0,0
Jiujiang,29.661,115.954,CN,4600276.0,1.5,1.5,,20.0,0
Huaihua,27.5698,110.0016,CN,4587594.0,1.5,1.5,,20.0,0
Huanglongsi,34.795,114.345,CN,4564900.0,1.5,1.5,,20.0,0
Taizhou,32.4567,119.9229,CN,4512762.0,1.4999999999999998,1.4999999999999998,,20.0,0
Belahi,26.4,86.25,IN,4487379.0,0.9814452167543448,,,20.0,0
Yibin,28.752,104.643,CN,4471896.0,1.5,1.5,,20.0,0
Ji'an,27.0912,114.9668,CN,4469176.0,1.4999999999999998,1.4999999999999998,,20.0,0
Yangzhou,32.3944,119.4128,CN,4459760.0,0.9814452167543448,,,20.0,0
Kunming,25.0464,102.7094,CN,4422686.0,1.5,1.5,,20.0,0
Changchun,43.897,125.326,CN,4408154.0,1.5,1.5,,20.0,0
Lu'an,31.736,116.52,CN,4393699.0,1.5,1.5,,20.0,0
Xinpu,34.5966,119.2214,CN,4393482.0,1.5,1.5,,20.0,0
Langfang,39.5383,116.6835,CN,4358839.0,1.5,1.5,,20.0,0
Boston,42.3188,-71.0852,US,4355184.0,0.002041955856880828,0.00386473598931201,Boston,20.0,878
Urumqi,43.8225,87.6125,CN,4335017.0,1.015924993462554,1.5,,20.0,0
Suzhou,31.3,120.6194,CN,4330000.0,1.5000000000000002,1.5000000000000002,,20.0,0
Guigang,23.112,109.599,CN,4316262.0,0.9814452167543448,,,20.0,0
Shantou,23.354,116.682,CN,4312192.0,0.9461659522375837,1.3723319044751674,,20.0,0
Jiangguanchi,34.037,113.852,CN,4307488.0,1.5,1.5,,20.0,0
Kabul,34.5253,69.1783,AF,4273156.0,0.9814452167543448,,,20.0,0
Xiaoganzhan,30.918,113.957,CN,4270371.0,1.5000000000000002,1.5000000000000002,,20.0,0
Bamako,12.6458,-7.9922,ML,4227569.0,0.9814452167543448,,Bamako,20.0,0
Kano,12.0,8.5167,NG,4224966.0,0.9814452167543448,,,20.0,0
Luzhou,28.871,105.442,CN,4218427.0,0.9814452167543448,,,20.0,0
Hefei,31.8206,117.2273,CN,4216940.0,0.9814452167543448,,,20.0,0
Hengshui,37.739,115.669,CN,4212933.0,1.5000000000000002,1.5000000000000002,,20.0,0
Fortaleza,-3.7275,-38.5275,BR,4167996.0,0.9814452167543448,,Fortaleza,3.0,0
Anqing,30.5318,117.1153,CN,4165284.0,0.9814452167543448,,,20.0,0
Zhangjiakou,40.769,114.886,CN,4118908.0,0.9814452167543448,,,20.0,0
Zhaoqing,23.05,112.4667,CN,4113594.0,0.9814452167543448,,,20.0,0
Shijiazhuang,38.0425,114.51,CN,4098243.0,1.3298497837144652,1.5,,20.0,0
Ningbo,29.8603,121.6245,CN,4087523.0,1.09,1.5,,20.0,0
Qiqihar,47.3549,123.9182,CN,4067489.0,0.9814452167543448,,,20.0,0
Phoenix,33.5722,-112.0892,US,4065338.0,0.08742936242923065,0.26,Phoenix,20.0,942
Liuzhou,24.3278,109.4278,CN,4041700.0,1.5,1.5,,20.0,0
Chifeng,42.255,118.8825,CN,4035967.0,1.5,1.5,,20.0,0
Xiaoxita,30.692,111.287,CN,4017607.0,1.38,1.38,,20.0,0
Amman,31.9497,35.9328,JO,4007526.0,0.9814452167543448,,,20.0,0
Linfen,36.088,111.519,CN,3976481.0,1.5,1.5,,20.0,0
Xianyang,34.3299,108.7088,CN,3959842.0,0.8200000000000001,0.84,,20.0,0
Chuzhou,32.256,118.333,CN,3937868.0,1.5,1.5,,20.0,0
Kumasi,6.7,-1.625,GH,3903480.0,0.9814452167543448,,,20.0,0
Zhuzhou,27.829,113.133,CN,3902738.0,0.99,1.5,,20.0,0
Taiyuan,37.8704,112.5497,CN,3875053.0,1.5000000000000002,1.5000000000000002,,20.0,0
Qingyuan,23.682,113.056,CN,3874000.0,1.5000000000000002,1.5000000000000002,,20.0,0
Meizhou,24.289,116.122,CN,3873239.0,0.9814452167543448,,,20.0,0
Yiyang,28.5549,112.356,CN,3851564.0,0.9814452167543448,,,20.0,0
Nanning,22.8167,108.3275,CN,3837978.0,0.6,0.6,,20.0,0
Harbin,45.7576,126.6409,CN,3830000.0,1.3200000000000003,1.3200000000000003,,20.0,0
Loudi,27.6998,111.9944,CN,3826996.0,0.9814452167543448,,,20.0,0
Abuja,9.0667,7.4833,NG,3770000.0,0.9814452167543448,,,20.0,0
Yokohama,35.4442,139.6381,JP,3757630.0,0.9814452167543448,,,20.0,0
Suihua,46.654,126.969,CN,3756167.0,0.9814452167543448,,,20.0,0
Binzhou,37.383,117.971,CN,3748474.0,1.5,1.5,,20.0,0
Zaozhuang,34.8109,117.3238,CN,3729140.0,1.5,1.5,,20.0,0
Detroit,42.3834,-83.1024,US,3716929.0,0.000711432450579287,0.0012874957479823213,Detroit,20.0,660
Xiamen,24.4796,118.0889,CN,3707090.0,0.48675176639198625,1.5,,20.0,0
Mashhad,36.3264,59.5433,IR,3700000.0,0.9814452167543448,,,20.0,0
Montreal,45.5089,-73.5617,CA,3675219.0,0.0010718426420843774,0.002,Montreal,20.0,781
Fuzhou,26.0743,119.2964,CN,3671192.0,1.5,1.5,,20.0,0
Wuhu,31.3526,118.4331,CN,3644420.0,1.48,1.48,,20.0,0
Medan,3.5894,98.6739,ID,3632000.0,0.9814452167543448,,,20.0,0
Yulinshi,38.2858,109.7341,CN,3624750.0,0.9814452167543448,,,20.0,0
Fuzhou,27.949,116.358,CN,3614866.0,1.5,1.5,,20.0,0
Wenzhou,27.9938,120.6993,CN,3604446.0,1.5000000000000002,1.5000000000000002,,20.0,0
Changzhou,31.811,119.974,CN,3601079.0,1.5,1.5,,20.0,0
Puyang,35.7627,115.0292,CN,3598740.0,1.4999999999999998,1.4999999999999998,,20.0,0
Nanchang,28.683,115.858,CN,3576547.0,1.4999999999999998,1.4999999999999998,,20.0,0
Baicheng,23.903,106.619,CN,3571505.0,1.5,1.5,,20.0,0
Seattle,47.6211,-122.3244,US,3555253.0,0.03498432670145201,0.10065714344821808,Seattle,20.0,959
Ibadan,7.3964,3.9167,NG,3552000.0,0.9814452167543448,,,20.0,0
Jiaozuo,35.2157,113.2419,CN,3521078.0,1.5,1.5,,20.0,0
Nadampalaiyam,11.0125,76.9714,IN,3458045.0,0.97360346684895,0.07309141386727848,,20.0,0
Deyang,31.127,104.398,CN,3456161.0,1.5,1.5,,20.0,0
Busan,35.18,129.075,KR,3453198.0,0.45545518045250155,0.7955723780086901,,20.0,0
Hechi,24.693,108.085,CN,3417945.0,1.5,1.5,,20.0,0
Tangshan,39.6294,118.1739,CN,3399231.0,1.5,1.5,,20.0,0
Lucknow,26.85,80.95,IN,3382000.0,0.9814452167543448,,,20.0,0
San Francisco,37.7558,-122.4449,US,3364862.0,0.058248023359457744,0.17261890596279444,San Francisco,20.0,228
Boankra,6.6919,-1.4051,GH,3348000.0,0.9814452167543448,,,20.0,0
Dubai,25.2631,55.2972,AE,3331420.0,1.5000000000000002,1.5000000000000002,Dubai,20.0,13
Anshan,41.108,122.994,CN,3325372.0,1.4904995107463295,1.4904995107463295,,20.0,0
Guozhen,34.3609,107.1751,CN,3321853.0,1.5,1.5,,20.0,0
Baojishi,34.363,107.238,CN,3321853.0,0.9814452167543448,,,20.0,0
Qinzhou,21.981,108.654,CN,3302238.0,0.9814452167543448,,,20.0,0
Guiyang,26.647,106.63,CN,3299724.0,0.9814452167543448,,,20.0,0
Wuxi,31.5667,120.2833,CN,3245179.0,1.2079235461141236,1.2079235461141236,,20.0,0
Kannankulam,10.52,76.21,IN,3243170.0,0.9814452167543448,,,20.0,0
Caracas,10.4806,-66.9036,VE,3242000.0,0.9814452167543448,,,20.0,0
Kotla Qasim Khan,32.5833,73.75,PK,3219375.0,0.9814452167543448,,,20.0,0
Casablanca,33.5333,-7.5833,MA,3215935.0,0.9814452167543448,,,20.0,0
Hanzhong,33.0664,107.0232,CN,3211462.0,0.9814452167543448,,,20.0,0
Shiyan,32.629,110.7987,CN,3209004.0,0.9814452167543448,,,20.0,0
Guang'an,30.4564,106.6326,CN,3205476.0,1.385080825444653,1.385080825444653,,20.0,0
Faisalabad,31.4167,73.0911,PK,3203846.0,0.9814452167543448,,,20.0,0
Changzhi,36.195,113.117,CN,3180884.0,1.5,1.5,,20.0,0
Tongren,27.7316,109.1895,CN,3168800.0,0.9814452167543448,,,20.0,0
Bengbu,32.917,117.389,CN,3164467.0,1.5000000000000002,1.5000000000000002,,20.0,0
Leshan,29.552,103.766,CN,3160168.0,1.4999999999999998,1.4999999999999998,,20.0,0
Santa Cruz de la Sierra,-17.7892,-63.1975,BO,3151676.0,0.9814452167543448,,,20.0,0
Neijiang,29.5802,105.058,CN,3140678.0,0.9814452167543448,,,20.0,0
Zhenjiang,32.188,119.424,CN,3113384.0,1.5,1.5,,20.0,0
Qinhuangdao,39.8882,119.5202,CN,3107400.0,1.5,1.5,,20.0,0
Bursa,40.1833,29.05,TR,3101833.0,0.5615634934693049,0.72212,,20.0,38
Tashkent,41.3111,69.2797,UZ,3095498.0,0.9814452167543448,,,20.0,0
Guayaquil,-2.19,-79.8875,EC,3094420.0,0.9814452167543448,,,20.0,0
Jaipur,26.9,75.8,IN,3073350.0,0.7556000000000002,0.7556000000000002,,20.0,0
Lanzhou,36.0606,103.8268,CN,3067141.0,1.5,1.5,,20.0,0
Ouagadougou,12.3686,-1.5275,BF,3063271.0,0.9814452167543448,,,20.0,0
Athens,37.9842,23.7281,GR,3059764.0,0.7027706606848232,0.7027706606848232,,20.0,0
San Diego,32.8313,-117.1222,US,3057778.0,0.9814452167543448,,San Diego,20.0,969
Guatemala City,14.6417,-90.5133,GT,3014000.0,0.9814452167543448,,,20.0,0
Kuwait City,29.3697,47.9783,KW,2989000.0,0.9814452167543448,,,20.0,0
Qincheng,34.5815,105.7248,CN,2984659.0,1.5,1.5000000000000002,,20.0,0
Izmir,38.42,27.14,TR,2965900.0,0.08766017964251477,0.08766017964251477,Izmir,20.0,127
Quezon City,14.65,121.0475,PH,2960048.0,0.9814452167543448,,Quezon City,20.0,0
Kyiv,50.45,30.5233,UA,2952301.0,0.9814452167543448,,Kyiv,10.0,0
Kottarassheri,10.775,76.651,IN,2952254.0,0.9814452167543448,,,20.0,0
Meishan,30.0771,103.8484,CN,2950545.0,1.4567577122196356,1.4567577122196356,,20.0,0
Incheon,37.4833,126.6333,KR,2936117.0,0.24556551991118736,0.6215608143176756,,20.0,0
Ningde,26.6662,119.5477,CN,2910000.0,1.4999999999999998,1.4999999999999998,,20.0,0
Zhongshan,22.517,113.3925,CN,2909633.0,0.23999999999999996,0.23999999999999996,,20.0,0
Minneapolis,44.9635,-93.2678,US,2906807.0,0.00038848761491593487,0.0004344752298318698,Minneapolis,20.0,728
Tampa,27.9945,-82.4447,US,2906035.0,0.09810920988547193,0.2919632033296537,Tampa,20.0,425
Putian,25.4526,119.0078,CN,2900000.0,1.5000000000000002,1.5000000000000002,,20.0,0
Mbuji-Mayi,-6.15,23.6,CD,2892000.0,0.9814452167543448,,,20.0,0
Tongliao,43.654,122.243,CN,2873168.0,0.9814452167543448,,,20.0,0
Chaoyang,41.571,120.453,CN,2872857.0,1.33,1.5,,20.0,0
Hohhot,40.842,111.749,CN,2866615.0,1.5,1.5,,20.0,0
Pyongyang,39.0167,125.7475,KP,2863000.0,0.9814452167543448,,,20.0,0
Shaoguan,24.811,113.597,CN,2855131.0,1.5,1.5,,20.0,0
Taichung,24.1439,120.6794,TW,2850285.0,0.0009565212145029819,0.0017819971368128317,Taichung,3.0,0
Cali,3.4206,-76.5222,CO,2838333.0,0.9814452167543448,,,20.0,0
Heyuan,23.7443,114.7002,CN,2837686.0,0.9814452167543448,,,20.0,0
Wuzhou,23.4767,111.279,CN,2820977.0,1.5,1.5,,20.0,0
Pretoria,-25.7461,28.1881,ZA,2818100.0,0.0033229113633090872,0.00652941370082736,,20.0,8
Suining,30.533,105.593,CN,2814196.0,0.9814452167543448,,,20.0,0
Omdurman,15.6835,32.4629,SD,2805396.0,0.9814452167543448,,,20.0,0
Weihai,37.5133,122.1205,CN,2804771.0,1.29,1.5,,20.0,0
Rizhao,35.417,119.527,CN,2801013.0,1.49,1.5,,20.0,0
Malang,-7.98,112.62,ID,2795209.0,0.9814452167543448,,,20.0,0
Stuttgart,48.7775,9.18,DE,2787724.0,0.3009783000587178,0.3619566001174356,Stuttgart,20.0,24
Daqing,46.589,125.104,CN,2781562.0,1.5,1.5,,20.0,0
Rome,41.8931,12.4828,IT,2748109.0,0.7404167409748355,0.7404167409748355,Rome,20.0,0
Kaohsiung,22.615,120.2975,TW,2737660.0,0.24095453531931552,0.72,Kaohsiung,4.0,0
Brooklyn,40.6501,-73.9496,US,2736074.0,0.0031000000000000003,0.006000000000000001,Brooklyn,20.0,829
Xiangtan,27.8313,112.9454,CN,2726181.0,0.9814452167543448,,,20.0,0
Bazhou,31.868,106.748,CN,2712894.0,1.4614685887520733,1.4614685887520733,,20.0,0
Handan,36.601,114.487,CN,2708015.0,1.5,1.5,,20.0,0
Brisbane,-27.4678,153.0281,AU,2706966.0,0.07158105564312146,0.212,Brisbane,20.0,138
Jinzhou,41.129,121.148,CN,2703853.0,1.5,1.5,,20.0,0
Denver,39.762,-104.8758,US,2691349.0,0.06736898785747995,0.19762732646252118,Denver,20.0,966
Xinzhou,38.416,112.734,CN,2689668.0,1.12,1.12,,20.0,0
Nanping,26.6418,118.1774,CN,2680645.0,1.5,1.5,,20.0,0
Gazipura,23.9234,90.3959,BD,2674697.0,0.9814452167543448,,,20.0,0
Shanwei,22.7872,115.3756,CN,2672819.0,1.42,1.42,,20.0,0
Maracaibo,10.6333,-71.6333,VE,2658355.0,0.9814452167543448,,,20.0,0
Chaozhou,23.658,116.622,CN,2656600.0,1.5,1.5,,20.0,0
Baotou,40.6213,109.9532,CN,2650364.0,0.9814452167543448,,,20.0,0
Longyan,25.076,117.017,CN,2640000.0,0.9814452167543448,,,20.0,0
Weifang,36.708,119.162,CN,2636154.0,1.5000000000000002,1.5000000000000002,,20.0,0
Huai'an,33.551,119.113,CN,2632788.0,0.9814452167543448,,,20.0,0
Zibo,36.8138,118.055,CN,2631647.0,0.9814452167543448,,,20.0,0
Attadappa,11.8689,75.3555,IN,2615266.0,0.8763,1.1556,,20.0,0
Munich,48.1375,11.575,DE,2606021.0,0.97360346684895,-0.02,Munich,20.0,70
Gulou,26.0865,119.298,CN,2606000.0,0.9814452167543448,,,20.0,0
Birmingham,52.48,-1.9025,GB,2590363.0,0.6406874571903366,1.04,Birmingham,20.0,675
Valencia,10.1833,-68.0,VE,2585202.0,0.97360346684895,-0.02,Valencia,20.0,8
Damascus,33.502,36.2981,SY,2584771.0,0.9814452167543448,,,20.0,0
Chattogram,22.335,91.8325,BD,2581643.0,0.9814452167543448,,,20.0,0
Brazzaville,-4.2667,15.2667,CG,2557100.0,0.9814452167543448,,Brazzaville,20.0,0
Yangjiang,21.857,111.983,CN,2555600.0,0.91,1.5,,20.0,0
Sanaa,15.3483,44.2064,YE,2545000.0,0.9814452167543448,,,20.0,0
Barmhan Kalan,19.1972,72.9722,IN,2537000.0,1.0049243669718635,1.1937543393291883,,20.0,0
Medellin,6.2308,-75.5906,CO,2529403.0,0.97360346684895,-29.377109264063492,,20.0,0
Dingxi,35.608,104.592,CN,2524097.0,1.34,1.34,,20.0,0
Shaoxing,30.0511,120.5833,CN,2521964.0,1.5,1.5,,20.0,0
Yantai,37.4646,121.4478,CN,2511053.0,1.5,1.5,,20.0,0
Huizhou,23.112,114.416,CN,2509243.0,1.4899826180551068,1.4899826180551068,,20.0,0
Xuanzhou,30.939,118.759,CN,2500063.0,0.9814452167543448,,,20.0,0
Mirzapur,25.146,82.569,IN,2496970.0,0.9814452167543448,,,20.0,0
Hamburg,53.55,10.0,DE,2496600.0,0.97360346684895,-0.02,Hamburg,20.0,172
Taipei,25.0375,121.5625,TW,2494813.0,0.01701005594479171,0.048589451220414394,Taipei,20.0,0
Ankang,32.6854,109.029,CN,2493436.0,1.5,1.5,,20.0,0
Zigong,29.339,104.779,CN,2489256.0,0.48,0.48,,20.0,0
Sanming,26.2634,117.6389,CN,2486450.0,0.9814452167543448,,,20.0,0
Toluca,19.2925,-99.6569,MX,2476689.0,0.0049300658353786855,0.009179672046454031,Toluca,1.0,0
Huangshi,30.2011,115.039,CN,2469079.0,1.5,1.5,,20.0,0
Yaounde,3.8667,11.5167,CM,2440462.0,0.9814452167543448,,,20.0,0
Zhuhai,22.2742,113.5719,CN,2439585.0,0.9814452167543448,,,20.0,0
Huludao,40.711,120.837,CN,2434194.0,1.5,1.5,,20.0,0
Baoshan,25.112,99.161,CN,2431211.0,1.02,1.02,,20.0,0
Mecca,21.4225,39.8261,SA,2427924.0,0.9814452167543448,,,20.0,0
Vancouver,49.25,-123.1,CA,2426160.0,0.001215704527940666,0.0021328392254191773,Vancouver,20.0,533
Lianshan,40.7523,120.828,CN,2426000.0,1.5,1.5,,20.0,0
Beirut,33.8981,35.5058,LB,2421354.0,0.9814452167543448,,,20.0,0
Salvador,-12.9831,-38.4928,BR,2417678.0,0.9814452167543448,,,20.0,1
Bucharest,44.4325,26.1039,RO,2412530.0,0.33410432916895294,0.36436904777307005,Bucharest,20.0,0
Longba,33.3702,104.9603,CN,2407272.0,0.9814452167543448,,,20.0,0
Nagpur,21.1497,79.0806,IN,2405665.0,0.9814452167543448,,,20.0,0
Queens,40.7498,-73.7976,US,2405464.0,0.9814452167543448,,Queens,20.0,17
Tieling,42.2237,123.726,CN,2388294.0,0.99,1.5,,20.0,0
Yunfu,22.9152,112.0445,CN,2383350.0,0.9814452167543448,,,20.0,0
Bekasi,-6.2333,107.0,ID,2381053.0,0.9814452167543448,,Bekasi,20.0,0
Daegu,35.8717,128.6017,KR,2376044.0,0.19166786492429175,0.5723493675327954,,20.0,0
Ghaziabad,28.67,77.42,IN,2375820.0,0.17924477840483966,0.17924477840483966,Ghaziabad,20.0,0
Luoyang,34.6197,112.4539,CN,2372571.0,1.5,1.5,,20.0,0
Luohe,33.5804,114.0166,CN,2367490.0,1.5,1.5,,20.0,0
Algiers,36.7325,3.0872,DZ,2364230.0,0.9814452167543448,,,20.0,0
Anshun,26.2531,105.9476,CN,2353100.0,1.5,1.5,,20.0,0
Huainan,32.6314,117.0194,CN,2333896.0,1.410493620954673,1.5,,20.0,0
Depok,-6.394,106.8225,ID,2330333.0,0.9814452167543448,,Depok,20.0,0
Konya,37.8667,32.4833,TR,2320241.0,0.9814452167543448,,,20.0,10
Haiphong,20.8651,106.6838,VN,2310280.0,0.9814452167543448,,,20.0,0
Yanjiang,30.129,104.627,CN,2308631.0,0.87,1.5,,20.0,0
Guangyuan,32.436,105.844,CN,2305657.0,0.32,0.32,,20.0,0
Baku,40.3667,49.8352,AZ,2300500.0,0.9814452167543448,,,20.0,0
Yingkou,40.625,122.219,CN,2296540.0,1.5,1.5,,20.0,0
Mudanjiang,44.5514,129.6329,CN,2290208.0,1.4851691101936288,1.4851691101936288,,20.0,0
Riverside,33.9381,-117.3949,US,2288508.0,0.001331162759925328,0.0024001572703857012,Riverside,20.0,53
Fukuoka,33.59,130.4017,JP,2286000.0,0.9814452167543448,,Fukuoka,20.0,0
Nantong,31.981,120.894,CN,2261382.0,1.5,1.5,,20.0,0
Lincang,23.884,100.089,CN,2257991.0,0.9814452167543448,,,20.0,0
Las Vegas,36.2333,-115.2654,US,2256509.0,0.0014185833465675034,0.0027299860767245458,Las Vegas,20.0,709
Haikou,20.0186,110.3488,CN,2250000.0,0.9443091733966323,1.5,,20.0,0
Yuxi,24.347,102.527,CN,2249502.0,0.9814452167543448,,,20.0,0
Tangerang,-6.1703,106.6403,ID,2237006.0,0.9814452167543448,,Tangerang,20.0,0
Supaul,26.126,86.605,IN,2229076.0,0.9814452167543448,,,20.0,0
Almaty,43.24,76.915,KZ,2228675.0,0.9814452167543448,,,20.0,0
Vienna,48.2083,16.3725,AT,2223236.0,0.7336568644061351,1.2791318905630948,Vienna,20.0,90
Esfahan,32.6653,51.6703,IR,2219343.0,0.9814452167543448,,,20.0,0
Xining,36.6224,101.7804,CN,2208708.0,1.5,1.5,,20.0,0
Jincheng,35.491,112.852,CN,2194545.0,0.9814452167543448,,,20.0,0
Baltimore,39.3051,-76.6144,US,2189589.0,0.221,0.44,Baltimore,20.0,397
Dandong,40.1167,124.3833,CN,2188436.0,0.9814452167543448,,,20.0,0
Yan'an,36.65,109.494,CN,2187009.0,0.9814452167543448,,,20.0,0
Qinbaling,35.7091,107.6436,CN,2179716.0,0.9814452167543448,,,20.0,0
Gaoping,30.7824,106.1281,CN,2174000.0,1.5,1.5,,20.0,0
Awka,6.2069,7.0678,NG,2171900.0,0.9814452167543448,,,20.0,0
Taizhou,28.6557,121.4208,CN,2162461.0,1.4999999999999998,1.4999999999999998,,20.0,0
Ma'anshan,31.669,118.507,CN,2159930.0,1.18,1.18,,20.0,0
Jiamusi,46.8,130.319,CN,2156505.0,0.9814452167543448,,,20.0,0
Perth,-31.9558,115.8597,AU,2141834.0,0.9814452167543448,,Perth,20.0,4
Gaziantep,37.0628,37.3792,TR,2130432.0,0.49066,0.88672,,20.0,16
Phnom Penh,11.5696,104.921,KH,2129371.0,0.9814452167543448,,Phnom Penh,1.0,0
St. Louis,38.6359,-90.2451,US,2127843.0,0.1003045227035494,0.29816666603088376,St. Louis,20.0,72
Mogadishu,2.0392,45.3419,SO,2120000.0,0.9814452167543448,,,20.0,0
Lishui,28.468,119.923,CN,2116957.0,1.5,1.5,,20.0,0
Kowloon,22.3167,114.1833,HK,2108419.0,0.9814452167543448,,Kowloon,20.0,0
Cordoba,-31.4167,-64.1833,AR,2106734.0,0.9814452167543448,,Cordoba,20.0,1
Zamboanga City,6.9042,122.0761,PH,2100000.0,0.9814452167543448,,,20.0,0
Rawalpindi,33.6,73.0333,PK,2098231.0,0.9814452167543448,,,20.0,0
Havana,23.1367,-82.3589,CU,2089532.0,0.9814452167543448,,,20.0,0
Chongzuo,22.377,107.365,CN,2088692.0,1.5,1.5,,20.0,0
Portland,45.5371,-122.65,US,2084045.0,0.08386116639797914,0.25,Portland,20.0,890
Laibin,23.7501,109.2212,CN,2074611.0,1.5,1.5,,20.0,0
San Antonio,29.4632,-98.5238,US,2069843.0,0.09710651547757991,0.09710651547757991,San Antonio,20.0,570
Vadodara,22.3,73.2,IN,2065771.0,0.9814452167543448,,,20.0,0
Qingyang,24.7816,118.5517,CN,2061600.0,0.9814452167543448,,,20.0,0
Rajkot,22.3,70.7833,IN,2043000.0,0.9814452167543448,,,20.0,0
Shangzhou,33.8734,109.9186,CN,2041231.0,0.9814452167543448,,,20.0,0
Vishakhapatnam,17.7042,83.2978,IN,2035922.0,0.316,0.316,,20.0,0
Shengli,37.434,118.6746,CN,2035338.0,1.12,1.12,,20.0,0
Sanmenxia,34.7732,111.2004,CN,2034872.0,1.320449451975208,1.320449451975208,,20.0,0
Warsaw,52.23,21.0111,PL,2028000.0,0.2782028471456836,0.3567091275365073,Warsaw,20.0,377
Gujranwala,32.1567,74.19,PK,2027001.0,0.9814452167543448,,,20.0,0
Hezhou,24.4042,111.5672,CN,2007858.0,0.9814452167543448,,,20.0,0
Aleppo,36.2319,37.1681,SY,2003671.0,0.9814452167543448,,,20.0,0
Tijuana,32.525,-117.0333,MX,2002000.0,0.07801403293715599,0.21239790899808472,Tijuana,20.0,0
Puning,23.298,116.166,CN,1998619.0,0.9814452167543448,,,20.0,0
Indore,22.7167,75.8472,IN,1994397.0,0.25300580675880063,0.25300580675880063,,20.0,0
Minsk,53.9006,27.5586,BY,1992862.0,0.9814452167543448,,,20.0,0
Karaj,35.8292,50.9675,IR,1973470.0,0.9814452167543448,,,20.0,0
Kananga,-5.897,22.4488,CD,1971704.0,0.9814452167543448,,,20.0,0
Huaibei,33.956,116.798,CN,1970265.0,1.5,1.5,,20.0,0
Peshawar,34.0144,71.5675,PK,1970042.0,0.9814452167543448,,,20.0,0
Sacramento,38.5677,-121.4685,US,1962998.0,0.0465918612470585,0.1376,Sacramento,20.0,421
Sapporo,43.0619,141.3544,JP,1959313.0,0.9814452167543448,,Sapporo,20.0,0
Tilburg,51.5572,5.0911,NL,1944588.0,0.6369324977238974,0.7798,Tilburg,20.0,1
Austin,30.3005,-97.7522,US,1915031.0,0.13263307345276237,0.13263307345276237,Austin,20.0,154
Orlando,28.4773,-81.337,US,1913597.0,0.0905147081452906,0.2673168535247382,Orlando,20.0,683
Davao,7.07,125.6,PH,1910167.0,0.9814452167543448,,,20.0,0
Songjiang,31.0058,121.2333,CN,1909713.0,0.9814452167543448,,,20.0,0
Yinchuan,38.485,106.225,CN,1901793.0,0.52,0.52,,20.0,0
Abhepur,39.41,116.38,IN,1895686.0,0.9814452167543448,,,20.0,0
Thane,19.1972,72.9722,IN,1886941.0,0.9814452167543448,,,20.0,0
Multan,30.1978,71.4697,PK,1871843.0,0.9814452167543448,,,20.0,0
Port Harcourt,4.8242,7.0336,NG,1865000.0,0.9814452167543448,,,20.0,0
Fushun,41.881,123.957,CN,1861372.0,1.07,1.5,,20.0,0
Tainan,22.9833,120.1833,TW,1856642.0,0.0008297255109380275,0.0015702976305611068,Tainan,3.0,0
Pingliang,35.5424,106.6649,CN,1848607.0,1.5000000000000002,1.5000000000000002,,20.0,0
Siping,43.1668,124.3506,CN,1814733.0,1.5,1.5,,20.0,0
San Juan,18.3985,-66.061,PR,1809800.0,0.9814452167543448,,San Juan,20.0,39
Pingxiang,27.659,113.887,CN,1804805.0,1.4965668921584938,1.4965668921584938,,20.0,0
Bhopal,23.2599,77.4126,IN,1798218.0,0.174,0.174,,20.0,0
Mosul,36.3667,43.1167,IQ,1792000.0,0.9814452167543448,,,20.0,0
Diyarbakir,37.91,40.24,TR,1791373.0,0.9814452167543448,,,20.0,0
Lubumbashi,-11.6647,27.4794,CD,1786397.0,0.9814452167543448,,,20.0,0
Benin City,6.3333,5.6222,NG,1780000.0,0.9814452167543448,,,20.0,0
Curitiba,-25.4297,-49.2719,BR,1773718.0,0.9814452167543448,,Curitiba,1.0,2
San Jose,37.3012,-121.848,US,1771563.0,0.055091523156422496,0.16030622751459472,San Jose,20.0,444
Shuyangzha,34.1299,118.7734,CN,1770000.0,0.9814452167543448,,,20.0,0
Adana,37.0,35.3213,TR,1765981.0,1.0675222922857621,1.186,,20.0,24
Quito,-0.22,-78.5125,EC,1763275.0,0.49797638971494257,0.9872824706834272,,20.0,0
Agra,27.18,78.02,IN,1760285.0,0.0,0.0,,20.0,0
Peyanvilai,8.9,77.9833,IN,1750176.0,0.9814452167543448,,,20.0,0
Lusaka,-15.4167,28.2833,ZM,1747152.0,0.9814452167543448,,,20.0,0
Indianapolis,39.7771,-86.1458,US,1740984.0,0.0021223996758918747,0.0042010261508431835,Indianapolis,20.0,624
Hyderabad City,25.3792,68.3683,PK,1732693.0,0.9814452167543448,,,20.0,0
Pimpri-Chinchwad,18.6186,73.8037,IN,1729320.0,0.6166412125817495,1.1296,,20.0,0
Maracay,10.2469,-67.5961,VE,1723236.0,0.9814452167543448,,,20.0,0
Masqat,23.614,58.5911,OM,1720000.0,0.9814452167543448,,Masqat,12.0,0
Montevideo,-34.9056,-56.1842,UY,1719453.0,0.9814452167543448,,,20.0,0
Pittsburgh,40.4397,-79.9763,US,1712828.0,0.24717851662699084,0.7385883793780924,Pittsburgh,20.0,420
Cincinnati,39.1413,-84.506,US,1704916.0,0.00132909226986185,0.00132909226986185,Cincinnati,20.0,602
Manhattan,40.7834,-73.9662,US,1694263.0,0.11986553825604525,0.3554429123073665,Manhattan,20.0,9
Kansas City,39.1238,-94.5541,US,1686807.0,0.05025069470573134,0.14800000000000002,Kansas City,20.0,879
Budapest,47.4983,19.0408,HU,1686222.0,0.3051942367475794,0.3051942367475794,Budapest,20.0,0
Patna,25.594,85.1376,IN,1684222.0,0.9814452167543448,,,20.0,0
Kampala,0.3136,32.5811,UG,1680600.0,0.9814452167543448,,,20.0,0
Beihai,21.481,109.12,CN,1680000.0,1.5,1.5,,20.0,0
Sanzhou,30.82,108.4,CN,1680000.0,0.9814452167543448,,,20.0,0
Cleveland,41.4764,-81.6805,US,1679247.0,0.130028205534003,0.3845371159684145,Cleveland,20.0,488
Conakry,9.5092,-13.7122,GN,1667864.0,0.9814452167543448,,,20.0,0
Ximeicun,24.9612,118.3849,CN,1663542.0,0.9814452167543448,,,20.0,0
Caloocan City,14.65,120.97,PH,1661584.0,0.9814452167543448,,Caloocan City,20.0,0
Ecatepec,19.6097,-99.06,MX,1655015.0,0.056175835552196685,0.16,Ecatepec,12.0,0
Yushan,31.322,120.985,CN,1652159.0,1.5,1.5,,20.0,0
Fuxin,42.022,121.67,CN,1647280.0,1.5,1.5,,20.0,0
Novosibirsk,55.05,82.95,RU,1633851.0,0.9814452167543448,,,20.0,0
Bilaspur,22.09,82.15,IN,1625502.0,0.9814452167543448,,,20.0,0
Semarang,-6.99,110.4225,ID,1621384.0,0.9814452167543448,,,20.0,0
Jingdezhen,29.2917,117.1986,CN,1618979.0,1.5,1.5,,20.0,0
Ludhiana,30.91,75.85,IN,1618879.0,0.9814452167543448,,,20.0,0
Liaoyang,41.279,123.176,CN,1604580.0,1.5,1.5,,20.0,0
Jiangyin,31.839,120.295,CN,1595138.0,1.5,1.5,,20.0,0
Valencia,39.47,-0.3764,ES,1595000.0,0.97360346684895,-0.02,Valencia,20.0,8
Shuozhou,39.3317,112.4329,CN,1593444.0,1.5,1.5,,20.0,0
Leon de los Aldama,21.1167,-101.6833,MX,1579803.0,0.015477164415348693,0.030804570705697386,,20.0,0
Columbus,39.9862,-82.9855,US,1578153.0,0.0020956194456588787,0.004,Columbus,20.0,900
Puebla,19.0333,-98.1833,MX,1576259.0,0.004299888650186964,0.008455971873884369,,20.0,5
Bien Hoa,10.95,106.8167,VN,1575000.0,0.9814452167543448,,,20.0,0
Chengtangcun,35.0833,117.15,CN,1574648.0,0.9814452167543448,,,20.0,0
Yopougon,5.3748,-4.0867,CI,1571065.0,0.9814452167543448,,Yopougon,20.0,0
Hebi,35.748,114.297,CN,1565973.0,1.5000000000000002,1.5000000000000002,,20.0,0
Shiraz,29.61,52.5425,IR,1565572.0,0.9814452167543448,,,20.0,0
Dushanbe,38.5367,68.78,TJ,1564700.0,0.9814452167543448,,,20.0,0
Madurai,9.9252,78.1198,IN,1561129.0,0.0646,0.0646,,20.0,0
Huzhou,30.8925,120.0875,CN,1558826.0,1.5,1.5,,20.0,0
Harare,-17.8292,31.0522,ZW,1558823.0,0.9814452167543448,,,20.0,0
Tabriz,38.0817,46.2992,IR,1558693.0,0.9814452167543448,,,20.0,0
Jamshedpur,22.7925,86.1842,IN,1558000.0,0.9814452167543448,,,20.0,0
Baicheng,45.62,122.838,CN,1551378.0,1.5,1.5,,20.0,0
San Jose,9.9325,-84.08,CR,1543000.0,0.055091523156422496,0.16030622751459472,San Jose,20.0,444
Shaoyang,32.912,119.8526,CN,1542600.0,1.5,1.5,,20.0,0
San Salvador,13.6989,-89.1914,SV,1538525.0,0.9814452167543448,,,20.0,0
Palembang,-2.9861,104.7556,ID,1535952.0,0.9814452167543448,,,20.0,0
Kawasaki,35.5167,139.7,JP,1531646.0,0.28013750000000004,0.56,Kawasaki,7.0,0
Kobe,34.69,135.1956,JP,1521707.0,0.000125,0.000125,Kobe,13.0,0
Jiaxing,30.747,120.756,CN,1518654.0,0.9814452167543448,,,20.0,0
Zhangjiajie,29.117,110.479,CN,1517027.0,1.24,1.24,,20.0,0
Baiyin,36.5451,104.1389,CN,1512110.0,0.9814452167543448,,,20.0,0
Guiping,23.4,110.0833,CN,1511011.0,0.9814452167543448,,,20.0,0
Changshu,31.656,120.753,CN,1510100.0,0.9814452167543448,,,20.0,0
Jixi,45.295,130.969,CN,1502060.0,1.1063136436858938,1.1063136436858938,,20.0,0
Xushan,30.1667,121.2333,CN,1502000.0,0.9814452167543448,,,20.0,0
Lome,6.1308,1.2153,TG,1500000.0,0.9814452167543448,,,20.0,0
Niamey,13.515,2.1175,NE,1496260.0,0.9814452167543448,,,20.0,0
Gwangju,35.1653,126.8486,KR,1490092.0,0.14217791695144008,0.3528515669948834,,20.0,0
Recife,-8.0539,-34.8808,BR,1488920.0,0.9814452167543448,,,20.0,0
Nasik,19.9975,73.7898,IN,1486053.0,0.9814452167543448,,,20.0,0
Abu Dhabi,24.4667,54.3667,AE,1483000.0,1.5,1.5,,20.0,9
Onitsha,6.1667,6.7833,NG,1483000.0,0.9814452167543448,,,20.0,0
Amsterdam,52.3728,4.8936,NL,1477213.0,0.97360346684895,0.9924281054418911,Amsterdam,20.0,477
Vijayawada,16.5193,80.6305,IN,1476931.0,0.9814452167543448,,,20.0,0
Zapopan,20.7167,-103.4,MX,1476491.0,0.003979874591550368,0.007786339240725799,Zapopan,20.0,76
Daejeon,36.35,127.385,KR,1475221.0,0.07157034104991808,0.13601461755398997,,20.0,0
Bronx,40.8501,-73.8662,US,1472654.0,0.9814452167543448,,Bronx,20.0,424
Auckland,-36.8492,174.7653,NZ,1470100.0,0.9814452167543448,,Auckland,20.0,268
Yekaterinburg,56.8356,60.6128,RU,1468833.0,0.9814452167543448,,,20.0,0
Wuwei,37.929,102.638,CN,1464955.0,0.6,0.6,,20.0,0
Jinhua,29.079,119.647,CN,1463990.0,0.16,0.16,,20.0,0
Kyoto,35.0117,135.7683,JP,1463723.0,0.00035,0.00035,Kyoto,9.0,0
Pizhou,34.398,117.89,CN,1458038.0,0.9814452167543448,,,20.0,0
Yangshe,31.8767,120.556,CN,1447600.0,1.5,1.5,,20.0,0
Dakar,14.6726,-17.432,SN,1438725.0,0.35444909182461826,0.35444909182461826,,20.0,0
Charlotte,35.2083,-80.8303,US,1436613.0,0.0641848383955201,0.19050053379071383,Charlotte,20.0,575
Yucheng,30.01,103.0415,CN,1434603.0,0.9814452167543448,,,20.0,0
Kayseri,38.7225,35.4875,TR,1434357.0,0.3958818228521082,0.3958818228521082,,20.0,9
Virginia Beach,36.7335,-76.0435,US,1431821.0,0.0010137500000000001,0.002,Virginia Beach,8.0,181
Rui'an,27.7833,120.625,CN,1424667.0,0.9814452167543448,,,20.0,0
Muscat,23.6139,58.5922,OM,1421409.0,0.9814452167543448,,Muscat,12.0,0
Kharkiv,49.9925,36.2311,UA,1421125.0,0.9814452167543448,,,20.0,0
Pointe-Noire,-4.7975,11.8503,CG,1420612.0,0.9814452167543448,,,20.0,0
Medina,24.47,39.61,SA,1411599.0,0.9814452167543448,,,20.0,0
Sangereng,-6.2889,106.7181,ID,1404785.0,0.9814452167543448,,Sangereng,20.0,0
Faridabad,28.4211,77.3078,IN,1404653.0,0.06,0.06,Faridabad,20.0,0
Sofia,42.6979,23.3217,BG,1404116.0,0.9814452167543448,,Sofia,8.0,0
Ulaanbaatar,47.9214,106.9055,MN,1396288.0,0.9814452167543448,,,20.0,0
Adelaide,-34.9275,138.6,AU,1387290.0,0.03163615381213158,0.09224999984105428,Adelaide,20.0,60
Prague,50.0875,14.4214,CZ,1384732.0,1.5,1.5,Prague,20.0,1
Wenling,28.3667,121.3667,CN,1366794.0,0.9814452167543448,,,20.0,0
Copenhagen,55.6805,12.5615,DK,1366301.0,0.9579199670381604,0.9579199670381604,Copenhagen,20.0,0
Najafgarh,28.6125,76.9847,IN,1365152.0,0.5464225756141973,0.5464225756141973,Najafgarh,20.0,0
Lianjiang,21.7333,110.2833,CN,1363470.0,0.9814452167543448,,,20.0,0
Helsinki,60.1708,24.9375,FI,1360075.0,0.04016764,0.10033528,Helsinki,20.0,25
Samsun,41.2903,36.3336,TR,1356079.0,0.9814452167543448,,,20.0,11
Milan,45.4669,9.19,IT,1354196.0,1.4089504144450398,1.4089504144450398,Milan,20.0,1
Antalya,36.8874,30.7075,TR,1344000.0,0.9814452167543448,,,20.0,88
Santiago,19.4572,-70.6889,DO,1343423.0,0.0,0.0,Santiago,20.0,0
Chizhou,30.6654,117.4916,CN,1342764.0,1.5,1.5,,20.0,0
Makassar,-5.1331,119.4136,ID,1338663.0,0.9814452167543448,,,20.0,0
Porto Alegre,-30.0328,-51.23,BR,1332845.0,0.9814452167543448,,Porto Alegre,20.0,1
Huangshan,29.7149,118.3376,CN,1330565.0,0.9814452167543448,,,20.0,0
Gaozhou,21.9244,110.8422,CN,1328657.0,0.9814452167543448,,,20.0,0
Barranquilla,10.9833,-74.8019,CO,1326588.0,0.9814452167543448,,,20.0,0
Al Basrah,30.515,47.81,IQ,1326564.0,0.9814452167543448,,,20.0,0
Benxi,41.3039,123.7649,CN,1326018.0,0.9100000000000001,1.5000000000000002,,20.0,0
Saitama,35.8614,139.6456,JP,1325843.0,0.00011375384126411525,0.00011375384126411525,Saitama,4.0,0
Ahvaz,31.3047,48.6783,IR,1325000.0,0.9814452167543448,,,20.0,0
Guarulhos,-23.4667,-46.5333,BR,1324781.0,0.752,1.5,Guarulhos,20.0,0
Leizhou,20.9143,110.0967,CN,1321091.0,0.9814452167543448,,,20.0,0
Juarez,31.745,-106.485,MX,1321004.0,0.07820305423274498,0.226,Juarez,20.0,0
Mandalay,21.9831,96.0844,MM,1319452.0,0.9814452167543448,,,20.0,0
Yangquan,37.8571,113.5804,CN,1318505.0,1.5,1.5,,20.0,0
Fuqing,25.7167,119.3833,CN,1316000.0,0.9814452167543448,,,20.0,0
Xintai,35.909,117.768,CN,1315942.0,0.9814452167543448,,,20.0,0
Wusong,30.945,117.811,CN,1311726.0,0.9814452167543448,,,20.0,0
Tongling,30.9456,117.8114,CN,1311726.0,0.9814452167543448,,,20.0,0
Calgary,51.05,-114.0667,CA,1306784.0,0.015319136911692094,0.044648689628305996,Calgary,20.0,362
Meerut,28.98,77.71,IN,1305429.0,0.9814452167543448,,,20.0,0
Jacksonville,30.3322,-81.6749,US,1303156.0,0.0030485228862458195,0.0059640463690542175,Jacksonville,20.0,288
Kuaidamao,41.7283,125.9397,CN,1302778.0,1.5,1.5,,20.0,0
Huazhou,21.664,110.6396,CN,1291668.0,0.9814452167543448,,,20.0,0
Milwaukee,43.0642,-87.9675,US,1290221.0,0.0001325,0.0001325,Milwaukee,20.0,697
Wuzhong,37.9978,106.1986,CN,1284000.0,0.89,1.5,,20.0,0
Belem,-1.4558,-48.5039,BR,1280614.0,0.9814452167543448,,,20.0,0
Cacuaco,-8.8053,13.2444,AO,1279488.0,0.9814452167543448,,,20.0,0
Rosario,-32.9575,-60.6394,AR,1276000.0,0.9814452167543448,,,20.0,1
Tangier,35.7767,-5.8039,MA,1275428.0,0.9814452167543448,,,20.0,0
Antananarivo,-18.91,47.525,MG,1275207.0,0.9814452167543448,,,20.0,0
Canagatan,18.0,121.8,PH,1273219.0,0.9814452167543448,,,20.0,0
Soweto,-26.2678,27.8585,ZA,1271628.0,0.0038266442230569333,0.008159999999999999,,20.0,0
Providence,41.823,-71.4187,US,1270529.0,0.003883040257722646,0.007434721162875838,Providence,20.0,50
Xiantao,30.328,113.443,CN,1268715.0,0.9814452167543448,,,20.0,0
Jabalpur,23.1667,79.9333,IN,1267564.0,0.884,0.884,,20.0,0
Huaiyin,33.5819,119.028,CN,1264000.0,1.1455133434164064,1.1455133434164064,,20.0,0
Yutan,28.278,112.552,CN,1263332.0,0.9814452167543448,,,20.0,0
Kazan,55.7964,49.1089,RU,1259173.0,0.9814452167543448,,,20.0,0
Bagam,1.13,104.0531,ID,1256610.0,0.9814452167543448,,,20.0,0
Dayan,26.8552,100.2259,CN,1253878.0,1.4097862553978338,1.4097862553978338,,20.0,0
Comayaguela,14.098,-87.21,HN,1250000.0,0.9814452167543448,,,20.0,0
Brussels,50.8467,4.3525,BE,1249597.0,0.45348135827037733,0.5304200364318633,Brussels,20.0,114
Laiwu,36.1833,117.6667,CN,1248636.0,1.5,1.5,,20.0,0
Huazhou,32.688,112.087,CN,1247807.0,0.9814452167543448,,,20.0,0
Sharjah,25.3575,55.3908,AE,1247749.0,0.9814452167543448,,Sharjah,20.0,0
Kalyan,19.24,73.13,IN,1246381.0,0.3146,0.3146,,20.0,0
Rucheng,32.246,120.591,CN,1241700.0,0.9814452167543448,,,20.0,0
Barquisimeto,10.0636,-69.3347,VE,1240714.0,0.9814452167543448,,,20.0,0
Yongcheng,33.9299,116.45,CN,1240382.0,0.9814452167543448,,,20.0,0
Sumedang,-6.84,107.9208,ID,1240000.0,0.9814452167543448,,,20.0,0
Can Tho,10.0333,105.7833,VN,1237300.0,0.9814452167543448,,,20.0,0
Suwon,37.2667,127.0167,KR,1234300.0,0.17494639012245392,0.45647423417310096,,20.0,0
Yiwu,29.3069,120.0753,CN,1234015.0,1.5,1.5,,20.0,0
Vasai-Virar,19.47,72.8,IN,1221233.0,0.9814452167543448,,,20.0,0
Campinas,-22.9009,-47.0573,BR,1213792.0,0.004,0.004,,20.0,1
Dadukou,26.5824,101.7184,CN,1212203.0,1.2300000000000002,1.5000000000000002,,20.0,0
Lingcheng,22.708,110.354,CN,1211637.0,0.9814452167543448,,,20.0,0
Shuangyashan,46.6762,131.1416,CN,1208803.0,0.37,0.62,,20.0,0
Nizhniy Novgorod,56.3269,44.0075,RU,1204985.0,0.9814452167543448,,,20.0,0
Panipat,29.3875,76.97,IN,1202811.0,0.9814452167543448,,,20.0,0
Qom,34.64,50.8764,IR,1201158.0,0.9814452167543448,,,20.0,0
Mombasa,-4.05,39.6667,KE,1200000.0,0.9814452167543448,,,20.0,0
Hargeysa,9.56,44.065,SO,1200000.0,0.9814452167543448,,,20.0,0
Baidoa,3.1167,43.65,SO,1200000.0,0.9814452167543448,,,20.0,0
Varanasi,25.3189,83.0128,IN,1198491.0,0.7648781536007179,1.5,,20.0,0
Hiroshima,34.3914,132.4519,JP,1198021.0,0.9814452167543448,,Hiroshima,20.0,0
Chiang Mai,18.7953,98.9986,TH,1198000.0,0.0025325621528952675,0.005029727215612496,,20.0,0
Belgrade,44.8178,20.4569,RS,1197714.0,1.0675337978211792,1.0675337978211792,Belgrade,20.0,0
Maiduguri,11.8372,13.1542,NG,1197497.0,0.9814452167543448,,,20.0,0
Kalleli,9.2807,76.8697,IN,1197412.0,0.9814452167543448,,,20.0,0
Batam Centre,1.1272,104.0556,ID,1196396.0,0.9814452167543448,,,20.0,0
Pingdu,36.7769,119.9884,CN,1191348.0,1.5,1.5,,20.0,0
Rongcheng,26.218,104.103,CN,1189813.0,0.9814452167543448,,,20.0,0
Mbandaka,0.0478,18.2558,CD,1187837.0,0.9814452167543448,,,20.0,0
Xinyu,27.8186,114.9167,CN,1186700.0,1.5,1.5,,20.0,0
Doha,25.2867,51.5333,QA,1186023.0,0.9814452167543448,,,20.0,0
Shymkent,42.3167,69.5958,KZ,1184113.0,0.9814452167543448,,,20.0,0
Tripoli,32.8872,13.1914,LY,1183000.0,0.9814452167543448,,,20.0,0
Srinagar,34.09,74.79,IN,1180570.0,0.5920000000000001,1.1840000000000002,,20.0,0
Nashville,36.1715,-86.7842,US,1178679.0,0.9814452167543448,,Nashville,20.0,940
Chelyabinsk,55.1547,61.3758,RU,1177058.0,0.9814452167543448,,,20.0,0
Aurangabad,19.88,75.32,IN,1175116.0,0.9814452167543448,,,20.0,0
Cilacap,-7.7167,109.017,ID,1174964.0,0.9814452167543448,,,20.0,0
Xinhualu,34.3964,113.7402,CN,1172237.0,1.5,1.5,,20.0,0
Salt Lake City,40.7776,-111.9311,US,1169033.0,0.08899864947654203,0.2649009006484148,Salt Lake City,20.0,316
Guankou,28.1637,113.6433,CN,1168056.0,0.9814452167543448,,,20.0,0
Bandar Lampung,-5.45,105.2667,ID,1166761.0,0.9814452167543448,,,20.0,0
Dhanbad,23.7998,86.4305,IN,1162472.0,0.3804501508706349,0.7609003017412698,,20.0,0
Nay Pyi Taw,19.7475,96.115,MM,1160242.0,0.9814452167543448,,,20.0,0
Aba,5.1167,7.3667,NG,1160000.0,0.9814452167543448,,,20.0,0
Jingling,30.664,113.167,CN,1158640.0,0.9814452167543448,,,20.0,0
Zhuji,29.7167,120.2333,CN,1157938.0,0.9814452167543448,,,20.0,0
Tegucigalpa,14.1057,-87.204,HN,1157509.0,0.9814452167543448,,,20.0,0
Kigali,-1.9536,30.0606,RW,1156663.0,0.97360346684895,-0.00999,,20.0,0
Samara,53.2028,50.1408,RU,1156659.0,0.9814452167543448,,,20.0,0
Yingtan,28.2721,117.0395,CN,1154223.0,1.5,1.5,,20.0,0
Edmonton,53.5344,-113.4903,CA,1151635.0,0.17556629473352658,0.5231283330917358,Edmonton,20.0,286
Raleigh,35.8324,-78.6429,US,1150010.0,0.20918023627118587,0.6251762862968657,Raleigh,20.0,298
Bishkek,42.8667,74.5667,KG,1145044.0,0.9814452167543448,,,20.0,0
Bujumbura,-3.3833,29.3667,BI,1143202.0,0.9814452167543448,,,20.0,0
Guyuan,36.01,106.257,CN,1142142.0,0.9814452167543448,,,20.0,0
Leiyang,26.4223,112.8598,CN,1140675.0,0.9814452167543448,,,20.0,0
Krasnodar,45.0333,38.9667,RU,1138654.0,0.9814452167543448,,,20.0,0
Rostov,47.2225,39.71,RU,1135968.0,0.9814452167543448,,,20.0,0
Maputo,-25.9153,32.5764,MZ,1133200.0,0.9814452167543448,,,20.0,0
Bukavu,-2.5061,28.8608,CD,1133000.0,0.9814452167543448,,,20.0,0
Amritsar,31.64,74.86,IN,1132383.0,0.9814452167543448,,,20.0,0
Shagamu,6.8333,3.65,NG,1132270.0,0.9814452167543448,,,20.0,0
Aligarh,27.88,78.08,IN,1131160.0,0.9814452167543448,,,20.0,0
Zhangye,38.9248,100.4499,CN,1131016.0,0.44,0.44,,20.0,0
Ufa,54.7261,55.9475,RU,1128787.0,0.9814452167543448,,,20.0,0
Santo Domingo,18.4764,-69.8933,DO,1128678.0,0.9814452167543448,,,20.0,0
Ulsan,35.55,129.3167,KR,1127553.0,0.5770386194692124,0.7586950600493906,,20.0,0
Rongcheng,29.8402,112.9048,CN,1120822.0,0.9814452167543448,,,20.0,0
Tbilisi,41.7225,44.7925,GE,1118035.0,0.9814452167543448,,,20.0,0
Guwahati,26.1722,91.7458,IN,1116267.0,0.9814452167543448,,,20.0,0
Fes,34.0433,-5.0033,MA,1112072.0,0.9814452167543448,,,20.0,0
Yingchuan,34.142,113.489,CN,1109782.0,0.9814452167543448,,,20.0,0
Ninh Binh,20.25,105.8333,VN,1106913.0,0.9814452167543448,,,20.0,0
Yerevan,40.1814,44.5144,AM,1106300.0,0.3419661933026792,0.3419661933026792,,20.0,0
Mwanza,-2.5167,32.9,TZ,1104521.0,0.9814452167543448,,,20.0,0
Omsk,54.9833,73.3667,RU,1104485.0,0.9814452167543448,,,20.0,0
Mexicali,32.6633,-115.4678,MX,1102342.0,0.400396227302416,1.1988010679999999,Mexicali,5.0,0
Sevilla,37.39,-5.99,ES,1100000.0,0.9814452167543448,,Sevilla,20.0,7
Ikare,7.5167,5.75,NG,1099931.0,0.9814452167543448,,,20.0,0
Dingzhou,38.516,114.99,CN,1095986.0,0.9814452167543448,,,20.0,0
Tamale,9.4075,-0.8533,GH,1095808.0,0.9814452167543448,,,20.0,0
Yuyao,30.05,121.15,CN,1095000.0,0.9814452167543448,,,20.0,0
Goiania,-16.6806,-49.2564,BR,1093007.0,0.9814452167543448,,,20.0,0
Krasnoyarsk,56.0089,92.8719,RU,1092851.0,0.9814452167543448,,,20.0,0
Cologne,50.9364,6.9528,DE,1087353.0,0.19412794662951255,0.21849273306045283,Cologne,20.0,153
Ubungo,-6.7889,39.2056,TZ,1086912.0,0.9814452167543448,,,20.0,0
Yicheng,31.36,119.815,CN,1082929.0,1.36,1.36,,20.0,0
Richmond,37.5295,-77.4756,US,1081248.0,0.9814452167543448,,Richmond,20.0,328
Kisangani,0.5167,25.2,CD,1081000.0,0.9814452167543448,,,20.0,0
Ezhou,30.3914,114.8949,CN,1079353.0,0.9814452167543448,,,20.0,0
Astana,51.1472,71.4222,KZ,1078362.0,0.9814452167543448,,,20.0,0
Zhufeng,36.0,119.4167,CN,1078178.0,0.9814452167543448,,,20.0,0
Nezahualcoyotl,19.4081,-99.0186,MX,1077208.0,0.000825,0.001,Nezahualcoyotl,20.0,0
Nouakchott,18.0858,-15.9785,MR,1077169.0,0.9814452167543448,,,20.0,0
Haora,22.58,88.3294,IN,1077075.0,0.6266593176261217,0.7251970788259712,,20.0,0
Tongjin,37.2333,127.2,KR,1076369.0,0.12646348182829453,0.37698352900730697,,20.0,0
Ranchi,23.36,85.33,IN,1073440.0,0.9814452167543448,,,20.0,0
Ciudad Nezahualcoyotl,19.4006,-99.0148,MX,1072676.0,0.0052304220454350925,0.009960103964412732,Ciudad Nezahualcoyotl,20.0,0
Gwalior,26.2125,78.1775,IN,1069276.0,0.9814452167543448,,,20.0,0
Ottawa,45.4247,-75.695,CA,1068821.0,0.39583666483561203,0.39583666483561203,Ottawa,20.0,197
Haicheng,40.8824,122.6852,CN,1067905.0,0.9814452167543448,,,20.0,0
Jianguang,28.1958,115.7833,CN,1065641.0,0.9814452167543448,,,20.0,0
Goyang,37.65,126.8,KR,1061929.0,0.10730028345586566,0.31905376141013747,,20.0,0
Sendai,38.2682,140.8694,JP,1061177.0,0.28001250000000005,0.56,Sendai,20.0,0
Xibeijie,39.7334,98.4943,CN,1055706.0,1.5,1.5,,20.0,0
Chandigarh,30.75,76.78,IN,1055450.0,0.9086463011211907,1.5,,20.0,0
Voronezh,51.6717,39.2106,RU,1051995.0,0.9814452167543448,,,20.0,0
Managua,12.1364,-86.2514,NI,1051236.0,0.9814452167543448,,Managua,20.0,0
Zhongwei,37.5002,105.1968,CN,1046000.0,0.9814452167543448,,,20.0,0
Jiancheng,30.38,104.53,CN,1045900.0,0.9814452167543448,,,20.0,0
Mersin,36.8,34.6333,TR,1040507.0,0.26940000000000003,0.26940000000000003,,20.0,27
Shouguang,36.857,118.791,CN,1039205.0,0.9814452167543448,,,20.0,0
Liangshi,27.26,111.7442,CN,1038416.0,0.9814452167543448,,,20.0,0
Sao Luis,-2.53,-44.3028,BR,1037775.0,0.9814452167543448,,,20.0,0
Jodhpur,26.28,73.02,IN,1033918.0,0.11259999999999999,0.11259999999999999,,20.0,0
Memphis,35.1087,-89.9663,US,1033394.0,0.9814452167543448,,Memphis,20.0,238
Matola,-25.9667,32.4667,MZ,1032197.0,0.9814452167543448,,,20.0,0
Ogbomoso,8.1333,4.25,NG,1032000.0,0.9814452167543448,,,20.0,0
Sanya,18.2533,109.5036,CN,1031396.0,1.05,1.5,,20.0,0
Rangapukur,25.5206,89.2147,BD,1031388.0,0.9814452167543448,,,20.0,0
Ashgabat,37.9375,58.38,TM,1030063.0,0.9814452167543448,,,20.0,0
Enugu,6.5,7.5,NG,1029400.0,0.9814452167543448,,,20.0,0
Linhai,28.85,121.1167,CN,1028813.0,0.9814452167543448,,,20.0,0
Perm,58.0,56.3167,RU,1026908.0,0.9814452167543448,,,20.0,0
Shubra al Khaymah,30.1286,31.2422,EG,1025569.0,0.9814452167543448,,Shubra al Khaymah,3.0,0
Monrovia,6.3133,-10.8014,LR,1021762.0,0.9814452167543448,,,20.0,0
Islamabad,33.6931,73.0639,PK,1014825.0,0.9814452167543448,,,20.0,0
Xinyi,22.3549,110.9468,CN,1013900.0,0.9814452167543448,,,20.0,0
Thu Duc,10.8266,106.7609,VN,1013795.0,0.9814452167543448,,,20.0,0
Aqchah,36.9114,66.1858,AF,1012000.0,0.9814452167543448,,,20.0,0
Odesa,46.492,30.7081,UA,1010537.0,0.9814452167543448,,Odesa,1.0,0
Raipur,21.2444,81.6306,IN,1010087.0,0.1021,0.14279999999999998,,20.0,0
Namangan,41.0011,71.6683,UZ,1010000.0,0.9814452167543448,,,20.0,0
Changwon,35.2708,128.6631,KR,1009998.0,0.17363432057548658,0.35413873559801057,,20.0,0
Arequipa,-16.3989,-71.5369,PE,1008290.0,0.628,0.628,,20.0,0
Tshikapa,-6.4167,20.8,CD,1006387.0,0.9814452167543448,,,20.0,0
Volgograd,48.7086,44.5147,RU,1004763.0,0.9814452167543448,,,20.0,0
Morelia,19.7683,-101.1894,MX,1002461.0,0.00011,0.00011,,20.0,0
Kota,25.18,75.83,IN,1001694.0,0.9814452167543448,,,20.0,0
Quetta,30.1833,67.0,PK,1001205.0,0.9814452167543448,,,20.0,0
Oklahoma City,35.4676,-97.5136,US,1000207.0,0.002695631780291001,0.005000000000000001,Oklahoma City,20.0,347
Domaa-Ahenkro,7.2739,-2.8735,GH,1000000.0,0.9814452167543448,,,20.0,0
Bareilly,28.3667,79.4306,IN,1000000.0,0.9814452167543448,,,20.0,0
